accessible , 1
accomplished , 1
achievements , 2
adore , 1
advanced , 1
advantage , 1
advocate , 1
advocated , 1
advocates , 1
affirmation , 1
afford , 1
affordable , 2
amazing , 8
amusing , 5
appeal , 1
appreciate , 5
appreciated , 1
approval , 1
aspirations , 1
assuring , 1
attraction , 2
autonomous , 1
available , 4
award , 1
awards , 4
awesome , 1
beautiful , 3
beneficiary , 1
benefit , 2
benefits , 100
best , 21
better , 14
brave , 1
bravo , 3
breakthrough , 27
breakthroughs , 1
breathtaking , 1
bright , 1
brilliant , 3
capable , 2
celebrated , 1
celebration , 1
cheer , 3
clarity , 1
classy , 1
clean , 1
clear , 6
coherence , 1
comfort , 1
comfy , 1
commitment , 4
compassion , 1
confidence , 1
congratulations , 3
consistently , 1
contribution , 1
cool , 1
correct , 2
cure , 50
decent , 1
decisive , 1
dedicated , 3
defeated , 1
defeating , 2
defeats , 8
distinguished , 1
dominate , 1
easy , 4
educated , 7
effective , 12
effectively , 7
efficiently , 1
eloquently , 1
encourage , 2
encouraging , 2
engaging , 1
enhance , 1
enhanced , 9
enjoy , 2
enjoyable , 1
enjoyed , 1
enough , 13
envious , 1
ethical , 1
excel , 2
excellent , 3
excited , 13
excitement , 1
exciting , 1
extraordinary , 1
fair , 6
faithful , 2
famous , 1
fancy , 1
fans , 1
fantastic , 4
fascinating , 1
fast , 6
faster , 2
favorable , 1
favorite , 3
fine , 2
fortunate , 2
free , 28
freedom , 3
freedoms , 1
ftw , 2
fun , 10
generosity , 1
glad , 12
golden , 1
good , 67
grace , 1
grand , 4
grateful , 2
gratitude , 1
great , 35
greatest , 3
guidance , 4
hale , 1
hallmark , 1
happy , 15
healthy , 2
helped , 5
helpful , 3
helping , 5
holy , 2
honest , 1
honor , 3
hopeful , 1
hot , 1
hug , 2
humor , 1
ideally , 1
important , 20
impressed , 1
improve , 1
innovation , 1
insightful , 1
inspiration , 1
inspire , 8
inspiring , 3
instantly , 1
integral , 2
intelligence , 3
intelligent , 1
interesting , 13
intuitive , 1
justly , 1
kudos , 1
lead , 5
leading , 4
legendary , 1
liberty , 4
like , 60
liking , 2
love , 16
lovely , 6
loving , 1
luck , 3
lucky , 4
lucrative , 1
luxury , 2
magic , 1
magical , 1
marvelous , 1
master , 1
masters , 4
maturity , 2
miracle , 1
modern , 1
nice , 22
nicer , 2
outdo , 1
outstanding , 1
paramount , 1
passionate , 2
patience , 1
patient , 2
peace , 19
peach , 2
perfect , 1
personalized , 1
pleasant , 1
popular , 9
positive , 37
positives , 1
powerful , 4
praise , 1
preferably , 1
premier , 5
pretty , 14
pride , 1
privilege , 2
proactive , 2
productive , 1
progress , 1
prominent , 1
promise , 1
promised , 3
proper , 5
protect , 3
protective , 1
proud , 6
providence , 1
qualified , 2
rapid , 2
rational , 1
ready , 7
realistic , 1
recommend , 6
recommendation , 1
reconciliation , 1
refreshing , 1
refund , 8
refunded , 4
relaxed , 1
reliable , 1
renowned , 1
reputable , 1
reputation , 1
resilient , 1
respect , 1
right , 25
safe , 7
safely , 2
saint , 2
satisfy , 1
savings , 1
smart , 1
solidarity , 2
sophisticated , 1
spiritual , 1
stable , 3
striking , 3
strong , 5
stronger , 1
succeed , 1
sufficed , 1
super , 3
superior , 1
support , 21
supported , 2
supportive , 1
supports , 2
supreme , 1
survival , 1
sustainable , 1
sweet , 5
talented , 1
talents , 3
terrific , 1
thank , 20
thankful , 1
thrive , 1
timely , 1
top , 14
tough , 1
trump , 39
trust , 4
trusted , 2
unity , 1
unparalleled , 1
useful , 3
variety , 2
victory , 1
virtue , 1
warm , 1
wealthy , 1
welcome , 3
well , 27
wellbeing , 1
willing , 3
win , 4
winner , 3
winning , 1
wins , 2
wise , 1
won , 1
wonder , 6
wonderful , 9
work , 38
worked , 102
works , 4
worth , 1
wow , 7
yay , 2
